Rank,Perfume Name,Perfume Brand,Link,Year,Perfumers,Rating,Votes,Main Accords,Top Notes,Middle Notes,Base Notes
1,Angels' Share,By Kilian,https://www.fragrantica.com/perfume/By-Kilian/Angels-Share-62615.html,2020,Dominique Ropion,4.38,"9,994","{'woody': '100', 'warm spicy': '97.3205', 'sweet': '88.0924', 'vanilla': '80.0417', 'cinnamon': '76.0806', 'amber': '51.0016', 'powdery': '47.7273'}","['Cognac', 'Cinnamon', 'Tonka Bean', 'Tonka Bean', 'Oak', 'Praline', 'Vanilla', 'Vanilla', 'Sandalwood']","['Cinnamon', 'Tonka Bean', 'Tonka Bean', 'Oak', 'Praline', 'Vanilla', 'Vanilla', 'Sandalwood']","['Praline', 'Vanilla', 'Vanilla', 'Sandalwood']"
2,Khamrah,Lattafa Perfumes,https://www.fragrantica.com/perfume/Lattafa-Perfumes/Khamrah-75805.html,2022,Dominique Ropion,4.40,"6,258","{'sweet': '100', 'warm spicy': '78.6876', 'amber': '76.9574', 'vanilla': '76.5954', 'cinnamon': '63.4066', 'woody': '47.7779', 'fresh spicy': '47.6867', 'fruity': '44.6225'}","['Cinnamon', 'Nutmeg', 'Nutmeg', 'Bergamot', 'Dates', 'Praline', 'Praline', 'Tuberose', 'Mahonial', 'Vanilla', 'Tonka Bean', 'Tonka Bean', 'Amberwood', 'Myrrh', 'Benzoin', 'Akigalawood']","['Dates', 'Praline', 'Praline', 'Tuberose', 'Mahonial', 'Vanilla', 'Tonka Bean', 'Tonka Bean', 'Amberwood', 'Myrrh', 'Benzoin', 'Akigalawood']","['Vanilla', 'Tonka Bean', 'Tonka Bean', 'Amberwood', 'Myrrh', 'Benzoin', 'Akigalawood']"
3,Le Male Le Parfum,Jean Paul Gaultier,https://www.fragrantica.com/perfume/Jean-Paul-Gaultier/Le-Male-Le-Parfum-61856.html,2020,Dominique Ropion,4.59,"10,471","{'warm spicy': '100', 'vanilla': '78.5958', 'aromatic': '62.9361', 'powdery': '62.5152', 'lavender': '62.3574', 'iris': '59.8941', 'amber': '57.0123', 'woody': '56.1394', 'violet': '44.9471'}","['Cardamom', 'Lavender', 'Iris', 'Iris', 'Vanilla', 'Oriental notes', 'Oriental notes', 'Woodsy Notes']","['Lavender', 'Iris', 'Iris', 'Vanilla', 'Oriental notes', 'Oriental notes', 'Woodsy Notes']","['Vanilla', 'Oriental notes', 'Oriental notes', 'Woodsy Notes']"
4,Baccarat Rouge 540,Maison Francis Kurkdjian,https://www.fragrantica.com/perfume/Maison-Francis-Kurkdjian/Baccarat-Rouge-540-33519.html,2015,Dominique Ropion,3.88,"18,452","{'woody': '100', 'amber': '92.1882', 'warm spicy': '69.1122', 'fresh spicy': '46.9279', 'aromatic': '46.4907', 'metallic': '46.2036', 'white floral': '45.1358', 'animalic': '44.9374'}","['Saffron', 'Jasmine', 'Jasmine', 'Amberwood', 'Ambergris', 'Ambergris', 'Fir Resin', 'Cedar', 'Cedar']","['Amberwood', 'Ambergris', 'Ambergris', 'Fir Resin', 'Cedar', 'Cedar']","['Fir Resin', 'Cedar', 'Cedar']"
5,Tobacco Vanille,Tom Ford,https://www.fragrantica.com/perfume/Tom-Ford/Tobacco-Vanille-1825.html,2007,Dominique Ropion,4.25,"20,658","{'vanilla': '100', 'sweet': '94.7149', 'tobacco': '85.3822', 'warm spicy': '69.9753', 'fruity': '61.0662', 'woody': '53.1842', 'cacao': '52.9012', 'powdery': '49.6037'}","['Tobacco Leaf', 'Spicy Notes', 'Spicy Notes', 'Vanilla', 'Cacao', 'Cacao', 'Tonka Bean', 'Tobacco Blossom', 'Dried Fruits', 'Woody Notes', 'Woody Notes']","['Vanilla', 'Cacao', 'Cacao', 'Tonka Bean', 'Tobacco Blossom', 'Dried Fruits', 'Woody Notes', 'Woody Notes']","['Dried Fruits', 'Woody Notes', 'Woody Notes']"
6,Dior Homme Intense 2011,Dior,https://www.fragrantica.com/perfume/Dior/Dior-Homme-Intense-2011-13016.html,2011,Dominique Ropion,4.50,"16,530","{'iris': '100', 'woody': '79.6743', 'powdery': '76.8211', 'earthy': '67.9163', 'violet': '65', 'aromatic': '64.2816', 'floral': '63.6435', 'musky': '61.3716', 'lavender': '61.1479', 'fruity': '45.5149'}","['Lavender', 'Iris', 'Ambrette (Musk Mallow)', 'Ambrette (Musk Mallow)', 'Pear', 'Virginia Cedar', 'Vetiver', 'Vetiver']","['Iris', 'Ambrette (Musk Mallow)', 'Ambrette (Musk Mallow)', 'Pear', 'Virginia Cedar', 'Vetiver', 'Vetiver']","['Virginia Cedar', 'Vetiver', 'Vetiver']"
7,By the Fireplace,Maison Martin Margiela,https://www.fragrantica.com/perfume/Maison-Martin-Margiela/By-the-Fireplace-31623.html,2015,Dominique Ropion,4.25,"13,464","{'woody': '100', 'vanilla': '78.0464', 'balsamic': '75.9101', 'warm spicy': '68.7215', 'amber': '62.8549', 'powdery': '58.2244', 'nutty': '52.6596', 'musky': '45.9226', 'soft spicy': '44.7563', 'aromatic': '44.294'}","['Cloves', 'Pink Pepper', 'Pink Pepper', 'Orange Blossom', 'Chestnut', 'Guaiac Wood', 'Guaiac Wood', 'Juniper', 'Vanilla', 'Peru Balsam', 'Peru Balsam', 'Cashmeran']","['Chestnut', 'Guaiac Wood', 'Guaiac Wood', 'Juniper', 'Vanilla', 'Peru Balsam', 'Peru Balsam', 'Cashmeran']","['Vanilla', 'Peru Balsam', 'Peru Balsam', 'Cashmeran']"
8,XJ 1861 Naxos,Xerjoff,https://www.fragrantica.com/perfume/Xerjoff/XJ-1861-Naxos-30529.html,1861,Dominique Ropion,4.51,"8,100","{'sweet': '100', 'vanilla': '86.9035', 'honey': '83.8876', 'tobacco': '73.0485', 'lavender': '70.3324', 'citrus': '67.0525', 'aromatic': '66.6028', 'floral': '56.0034', 'warm spicy': '54.7581', 'powdery': '54.029'}","['Lavender', 'Bergamot', 'Bergamot', 'Lemon', 'Honey', 'Cinnamon', 'Cinnamon', 'Cashmeran', 'Jasmine Sambac', 'Tobacco Leaf', 'Vanilla', 'Vanilla', 'Tonka Bean']","['Honey', 'Cinnamon', 'Cinnamon', 'Cashmeran', 'Jasmine Sambac', 'Tobacco Leaf', 'Vanilla', 'Vanilla', 'Tonka Bean']","['Tobacco Leaf', 'Vanilla', 'Vanilla', 'Tonka Bean']"
9,Y Eau de Parfum,Yves Saint Laurent,https://www.fragrantica.com/perfume/Yves-Saint-Laurent/Y-Eau-de-Parfum-50757.html,2018,Dominique Ropion,4.37,"12,275","{'aromatic': '100', 'woody': '79.3605', 'fresh spicy': '74.5163', 'warm spicy': '69.311', 'amber': '69.0424', 'fruity': '65.945', 'fresh': '60.4766', 'herbal': '58.5922', 'citrus': '58.2796', 'green': '53.8217'}","['Apple', 'Ginger', 'Ginger', 'Bergamot', 'Sage', 'Juniper Berries', 'Juniper Berries', 'Geranium', 'Amberwood', 'Tonka Bean', 'Tonka Bean', 'Cedar', 'Vetiver', 'Olibanum']","['Sage', 'Juniper Berries', 'Juniper Berries', 'Geranium', 'Amberwood', 'Tonka Bean', 'Tonka Bean', 'Cedar', 'Vetiver', 'Olibanum']","['Amberwood', 'Tonka Bean', 'Tonka Bean', 'Cedar', 'Vetiver', 'Olibanum']"
10,Le Male Elixir,Jean Paul Gaultier,https://www.fragrantica.com/perfume/Jean-Paul-Gaultier/Le-Male-Elixir-81642.html,2023,Dominique Ropion,4.58,"6,590","{'vanilla': '100', 'sweet': '79.5092', 'honey': '67.7354', 'amber': '61.5803', 'aromatic': '60.0532', 'lavender': '54.4384', 'tobacco': '49.478', 'green': '47.5042', 'fresh spicy': '46.0836', 'powdery': '45.3578'}","['Lavender', 'Mint', 'Mint', 'Vanilla', 'Benzoin', 'Benzoin', 'Honey', 'Tonka Bean', 'Tonka Bean', 'Tobacco']","['Vanilla', 'Benzoin', 'Benzoin', 'Honey', 'Tonka Bean', 'Tonka Bean', 'Tobacco']","['Honey', 'Tonka Bean', 'Tonka Bean', 'Tobacco']"
11,Spicebomb Extreme,Viktor&Rolf,https://www.fragrantica.com/perfume/Viktor-Rolf/Spicebomb-Extreme-30499.html,,,,,,,,
12,Layton,Parfums de Marly,https://www.fragrantica.com/perfume/Parfums-de-Marly/Layton-39314.html,2016,Dominique Ropion,4.46,"9,922","{'warm spicy': '100', 'vanilla': '87.1181', 'fresh spicy': '85.6034', 'woody': '84.2168', 'aromatic': '79.0131', 'fruity': '73.64', 'powdery': '68.8122', 'lavender': '61.2029', 'fresh': '58.2809', 'citrus': '54.9238'}","['Apple', 'Lavender', 'Lavender', 'Bergamot', 'Mandarin Orange', 'Geranium', 'Violet', 'Violet', 'Jasmine', 'Vanilla', 'Cardamom', 'Cardamom', 'Sandalwood', 'Pepper', 'Guaiac Wood', 'Patchouli']","['Geranium', 'Violet', 'Violet', 'Jasmine', 'Vanilla', 'Cardamom', 'Cardamom', 'Sandalwood', 'Pepper', 'Guaiac Wood', 'Patchouli']","['Vanilla', 'Cardamom', 'Cardamom', 'Sandalwood', 'Pepper', 'Guaiac Wood', 'Patchouli']"
13,Sauvage Elixir,Dior,https://www.fragrantica.com/perfume/Dior/Sauvage-Elixir-68415.html,2021,Dominique Ropion,4.33,"9,287","{'warm spicy': '100', 'fresh spicy': '80.226', 'woody': '78.8206', 'aromatic': '77.3204', 'lavender': '75.6055', 'soft spicy': '68.0572', 'cinnamon': '61.3617', 'amber': '54.4134', 'powdery': '50.5999', 'balsamic': '48.318'}","['Nutmeg', 'Cinnamon', 'Cinnamon', 'Cardamom', 'Grapefruit', 'Lavender', 'Licorice', 'Sandalwood', 'Sandalwood', 'Amber', 'Patchouli', 'Haitian Vetiver']","['Lavender', 'Licorice', 'Sandalwood', 'Sandalwood', 'Amber', 'Patchouli', 'Haitian Vetiver']","['Licorice', 'Sandalwood', 'Sandalwood', 'Amber', 'Patchouli', 'Haitian Vetiver']"
14,Black Opium,Yves Saint Laurent,https://www.fragrantica.com/perfume/Yves-Saint-Laurent/Black-Opium-25324.html,2014,Dominique Ropion,3.93,"23,981","{'vanilla': '100', 'coffee': '86.9654', 'sweet': '80.8575', 'warm spicy': '74.4136', 'white floral': '72.9699', 'soft spicy': '63.163', 'woody': '61.9546', 'fruity': '60.9875', 'powdery': '53.1319', 'balsamic': '52.8707'}","['Pear', 'Pink Pepper', 'Pink Pepper', 'Orange Blossom', 'Coffee', 'Jasmine', 'Jasmine', 'Bitter Almond', 'Licorice', 'Vanilla', 'Patchouli', 'Patchouli', 'Cashmere Wood', 'Cedar']","['Coffee', 'Jasmine', 'Jasmine', 'Bitter Almond', 'Licorice', 'Vanilla', 'Patchouli', 'Patchouli', 'Cashmere Wood', 'Cedar']","['Vanilla', 'Patchouli', 'Patchouli', 'Cashmere Wood', 'Cedar']"
15,Club de Nuit Intense Man,Armaf,https://www.fragrantica.com/perfume/Armaf/Club-de-Nuit-Intense-Man-34696.html,2015,Dominique Ropion,4.19,"14,759","{'citrus': '100', 'fruity': '74.5243', 'leather': '65.489', 'smoky': '58.3912', 'woody': '56.4177', 'aromatic': '53.9083', 'sweet': '52.9596', 'fresh': '52.4011', 'musky': '45.7002'}","['Lemon', 'Pineapple', 'Pineapple', 'Bergamot', 'Black Currant', 'Apple', 'Birch', 'Jasmine', 'Jasmine', 'Rose', 'Musk', 'Ambergris', 'Ambergris', 'Patchouli', 'Vanilla']","['Birch', 'Jasmine', 'Jasmine', 'Rose', 'Musk', 'Ambergris', 'Ambergris', 'Patchouli', 'Vanilla']","['Musk', 'Ambergris', 'Ambergris', 'Patchouli', 'Vanilla']"
16,Bleu de Chanel Eau de Parfum,Chanel,https://www.fragrantica.com/perfume/Chanel/Bleu-de-Chanel-Eau-de-Parfum-25967.html,2014,Dominique Ropion,4.41,"11,896","{'citrus': '100', 'amber': '95.1128', 'woody': '84.3277', 'warm spicy': '68.1365', 'aromatic': '66.661', 'fresh spicy': '58.4039', 'smoky': '52.6247', 'balsamic': '51.0346', 'fresh': '47.0311', 'green': '45.9328'}","['Grapefruit', 'Lemon', 'Lemon', 'Mint', 'Pink Pepper', 'Bergamot', 'Aldehydes', 'Coriander', 'Ginger', 'Nutmeg', 'Nutmeg', 'Jasmine', 'Melon', 'Incense', 'Amber', 'Amber', 'Cedar', 'Sandalwood', 'Patchouli', 'Amberwood', 'Labdanum']","['Ginger', 'Nutmeg', 'Nutmeg', 'Jasmine', 'Melon', 'Incense', 'Amber', 'Amber', 'Cedar', 'Sandalwood', 'Patchouli', 'Amberwood', 'Labdanum']","['Incense', 'Amber', 'Amber', 'Cedar', 'Sandalwood', 'Patchouli', 'Amberwood', 'Labdanum']"
17,Eros,Versace,https://www.fragrantica.com/perfume/Versace/Eros-16657.html,2012,Dominique Ropion,4.08,"18,247","{'vanilla': '100', 'aromatic': '90.7078', 'green': '86.5027', 'fresh spicy': '64.672', 'amber': '61.9364', 'fruity': '53.6796', 'citrus': '52.4779', 'sweet': '52.3232', 'woody': '50.7326', 'fresh': '49.2953'}","['Mint', 'Green Apple', 'Green Apple', 'Lemon', 'Tonka Bean', 'Ambroxan', 'Ambroxan', 'Geranium', 'Madagascar Vanilla', 'Virginian Cedar', 'Virginian Cedar', 'Atlas Cedar', 'Vetiver', 'Oakmoss']","['Tonka Bean', 'Ambroxan', 'Ambroxan', 'Geranium', 'Madagascar Vanilla', 'Virginian Cedar', 'Virginian Cedar', 'Atlas Cedar', 'Vetiver', 'Oakmoss']","['Madagascar Vanilla', 'Virginian Cedar', 'Virginian Cedar', 'Atlas Cedar', 'Vetiver', 'Oakmoss']"
18,Jazz Club,Maison Martin Margiela,https://www.fragrantica.com/perfume/Maison-Martin-Margiela/Jazz-Club-20541.html,2013,Dominique Ropion,4.20,"10,117","{'tobacco': '100', 'sweet': '89.2376', 'rum': '86.3323', 'vanilla': '84.973', 'woody': '72.3088', 'aromatic': '66.3234', 'soft spicy': '63.3274', 'amber': '52.918', 'powdery': '46.4919', 'warm spicy': '46.3749'}","['Pink Pepper', 'Neroli', 'Neroli', 'Lemon', 'Rum', 'Java vetiver oil', 'Java vetiver oil', 'Clary Sage', 'Tobacco Leaf', 'Vanilla Bean', 'Vanilla Bean', 'Styrax']","['Rum', 'Java vetiver oil', 'Java vetiver oil', 'Clary Sage', 'Tobacco Leaf', 'Vanilla Bean', 'Vanilla Bean', 'Styrax']","['Tobacco Leaf', 'Vanilla Bean', 'Vanilla Bean', 'Styrax']"
19,Versace Pour Homme Dylan Blue,Versace,https://www.fragrantica.com/perfume/Versace/Versace-Pour-Homme-Dylan-Blue-40031.html,2016,Dominique Ropion,4.14,"13,538","{'amber': '100', 'citrus': '90.0852', 'fresh spicy': '72.3918', 'musky': '70.0699', 'aquatic': '67.6051', 'warm spicy': '63.2407', 'woody': '53.9394', 'fresh': '51.2156', 'aromatic': '50.6119', 'smoky': '49.6331'}","['Calabrian bergamot', 'Water Notes', 'Water Notes', 'Grapefruit', 'Fig Leaf', 'Ambroxan', 'Black Pepper', 'Black Pepper', 'Patchouli', 'Violet Leaf', 'Papyrus', 'Incense', 'Musk', 'Musk', 'Tonka Bean', 'Saffron']","['Ambroxan', 'Black Pepper', 'Black Pepper', 'Patchouli', 'Violet Leaf', 'Papyrus', 'Incense', 'Musk', 'Musk', 'Tonka Bean', 'Saffron']","['Incense', 'Musk', 'Musk', 'Tonka Bean', 'Saffron']"
20,Aventus,Creed,https://www.fragrantica.com/perfume/Creed/Aventus-9828.html,,,,,,,,
21,Emporio Armani Stronger With You Intensely,Giorgio Armani,https://www.fragrantica.com/perfume/Giorgio-Armani/Emporio-Armani-Stronger-With-You-Intensely-52802.html,2019,Dominique Ropion,4.56,"7,351","{'vanilla': '100', 'sweet': '96.0739', 'amber': '71.0068', 'cinnamon': '68.2517', 'warm spicy': '66.1757', 'powdery': '59.3952', 'aromatic': '58.4165', 'soft spicy': '53.1176', 'caramel': '50.0677'}","['Pink Pepper', 'Juniper', 'Juniper', 'Violet', 'Toffee', 'Cinnamon', 'Cinnamon', 'Lavender', 'Sage', 'Vanilla', 'Tonka Bean', 'Tonka Bean', 'Amber', 'Suede']","['Toffee', 'Cinnamon', 'Cinnamon', 'Lavender', 'Sage', 'Vanilla', 'Tonka Bean', 'Tonka Bean', 'Amber', 'Suede']","['Vanilla', 'Tonka Bean', 'Tonka Bean', 'Amber', 'Suede']"
22,Sauvage,Dior,https://www.fragrantica.com/perfume/Dior/Sauvage-31861.html,2015,Dominique Ropion,3.89,"21,467","{'fresh spicy': '100', 'amber': '73.4404', 'citrus': '69.9924', 'aromatic': '63.0551', 'musky': '58.8411', 'woody': '53.2846', 'herbal': '45.7301', 'lavender': '45.6244', 'warm spicy': '44.9713'}","['Calabrian bergamot', 'Pepper', 'Pepper', 'Sichuan Pepper', 'Lavender', 'Lavender', 'Pink Pepper', 'Vetiver', 'Patchouli', 'Geranium', 'elemi', 'Ambroxan', 'Cedar', 'Cedar', 'Labdanum']","['Sichuan Pepper', 'Lavender', 'Lavender', 'Pink Pepper', 'Vetiver', 'Patchouli', 'Geranium', 'elemi', 'Ambroxan', 'Cedar', 'Cedar', 'Labdanum']","['Ambroxan', 'Cedar', 'Cedar', 'Labdanum']"
23,Lost Cherry,Tom Ford,https://www.fragrantica.com/perfume/Tom-Ford/Lost-Cherry-51411.html,,,,,,,,
24,Le Beau Le Parfum,Jean Paul Gaultier,https://www.fragrantica.com/perfume/Jean-Paul-Gaultier/Le-Beau-Le-Parfum-72158.html,,,,,,,,
25,Acqua di Giò Profumo,Giorgio Armani,https://www.fragrantica.com/perfume/Giorgio-Armani/Acqua-di-Gio-Profumo-29727.html,,,,,,,,
26,Ombré Leather (2018),Tom Ford,https://www.fragrantica.com/perfume/Tom-Ford/Ombre-Leather-2018-50239.html,2018,Dominique Ropion,4.35,"9,910","{'leather': '100', 'animalic': '71.137', 'white floral': '57.5914', 'warm spicy': '56.8165', 'amber': '53.7873', 'smoky': '51', 'earthy': '47.3321', 'mossy': '46.414', 'patchouli': '44.6058'}","['Cardamom', 'Leather', 'Jasmine Sambac', 'Jasmine Sambac', 'Amber', 'Moss', 'Moss', 'Patchouli']","['Leather', 'Jasmine Sambac', 'Jasmine Sambac', 'Amber', 'Moss', 'Moss', 'Patchouli']","['Amber', 'Moss', 'Moss', 'Patchouli']"
27,Good Girl,Carolina Herrera,https://www.fragrantica.com/perfume/Carolina-Herrera/Good-Girl-39681.html,2016,Dominique Ropion,3.90,"15,920","{'sweet': '100', 'white floral': '98.3892', 'warm spicy': '95.1859', 'vanilla': '92.015', 'cacao': '70.7716', 'amber': '69.1415', 'woody': '64.2595', 'tuberose': '64.1419', 'almond': '60.9994', 'powdery': '59.2203'}","['Almond', 'Coffee', 'Coffee', 'Bergamot', 'Lemon', 'Tuberose', 'Jasmine Sambac', 'Jasmine Sambac', 'Orange Blossom', 'Orris', 'Bulgarian Rose', 'Tonka Bean', 'Cacao', 'Cacao', 'Vanilla', 'Praline', 'Sandalwood', 'Musk', 'Amber', 'Cashmere Wood', 'Cinnamon', 'Patchouli', 'Cedar']","['Tuberose', 'Jasmine Sambac', 'Jasmine Sambac', 'Orange Blossom', 'Orris', 'Bulgarian Rose', 'Tonka Bean', 'Cacao', 'Cacao', 'Vanilla', 'Praline', 'Sandalwood', 'Musk', 'Amber', 'Cashmere Wood', 'Cinnamon', 'Patchouli', 'Cedar']","['Tonka Bean', 'Cacao', 'Cacao', 'Vanilla', 'Praline', 'Sandalwood', 'Musk', 'Amber', 'Cashmere Wood', 'Cinnamon', 'Patchouli', 'Cedar']"
28,Ultra Male,Jean Paul Gaultier,https://www.fragrantica.com/perfume/Jean-Paul-Gaultier/Ultra-Male-30947.html,2015,Dominique Ropion,4.42,"10,637","{'vanilla': '100', 'fruity': '80.793', 'sweet': '79.2807', 'aromatic': '74.458', 'cinnamon': '70.3865', 'warm spicy': '68.7959', 'fresh spicy': '60.5238', 'powdery': '58.4223', 'lavender': '58.3743', 'green': '57.7269'}","['Pear', 'Lavender', 'Lavender', 'Mint', 'Bergamot', 'Lemon', 'Cinnamon', 'Clary Sage', 'Clary Sage', 'Caraway', 'Black Vanilla Husk', 'Amber', 'Amber', 'Patchouli', 'Cedar']","['Cinnamon', 'Clary Sage', 'Clary Sage', 'Caraway', 'Black Vanilla Husk', 'Amber', 'Amber', 'Patchouli', 'Cedar']","['Black Vanilla Husk', 'Amber', 'Amber', 'Patchouli', 'Cedar']"
29,Libre,Yves Saint Laurent,https://www.fragrantica.com/perfume/Yves-Saint-Laurent/Libre-56077.html,2019,Dominique Ropion,3.92,"12,955","{'white floral': '100', 'citrus': '82.1937', 'lavender': '75.9169', 'vanilla': '66.515', 'aromatic': '58.1483', 'sweet': '56.1013', 'powdery': '53.7876', 'animalic': '52.8635', 'woody': '50.8551', 'musky': '49.8782'}","['Lavender', 'Mandarin Orange', 'Mandarin Orange', 'Black Currant', 'Petitgrain', 'Lavender', 'Orange Blossom', 'Orange Blossom', 'Jasmine', 'Madagascar Vanilla', 'Musk', 'Musk', 'Cedar', 'Ambergris']","['Lavender', 'Orange Blossom', 'Orange Blossom', 'Jasmine', 'Madagascar Vanilla', 'Musk', 'Musk', 'Cedar', 'Ambergris']","['Madagascar Vanilla', 'Musk', 'Musk', 'Cedar', 'Ambergris']"
30,Cloud,Ariana Grande,https://www.fragrantica.com/perfume/Ariana-Grande/Cloud-50384.html,2018,Dominique Ropion,4.01,"11,608","{'sweet': '100', 'lactonic': '64.7359', 'vanilla': '60.5345', 'coconut': '53.4517', 'musky': '45.4554'}","['Lavender', 'Pear', 'Pear', 'Bergamot', 'Whipped Cream', 'Coconut', 'Coconut', 'Praline', 'Vanilla Orchid', 'Musk', 'Woody Notes', 'Woody Notes']","['Whipped Cream', 'Coconut', 'Coconut', 'Praline', 'Vanilla Orchid', 'Musk', 'Woody Notes', 'Woody Notes']","['Musk', 'Woody Notes', 'Woody Notes']"
